--------------------------------------------------------
--  File created - Friday-July-10-2020   
--------------------------------------------------------
--------------------------------------------------------
--  DDL for Sequence SEQ_PELANGGAN90495
--------------------------------------------------------

   CREATE SEQUENCE  "RICHARD90495"."SEQ_PELANGGAN90495"  MINVALUE 1 MAXVALUE 9999 INCREMENT BY 1 START WITH 3 NOCACHE  NOORDER  NOCYCLE ;
--------------------------------------------------------
--  DDL for Table BARANG90495
--------------------------------------------------------

  CREATE TABLE "RICHARD90495"."BARANG90495" 
   (	"KODE_BARANG" NUMBER(*,0), 
	"NAMA_BARANG" VARCHAR2(10 BYTE), 
	"KUANTITAS_BARANG" NUMBER(*,0), 
	"HARGA_JUAL_BARANG" VARCHAR2(20 BYTE), 
	"HARGA_AMBIL_BARANG" VARCHAR2(12 BYTE)
   ) SEGMENT CREATION IMMEDIATE 
  PCTFREE 10 PCTUSED 40 INITRANS 1 MAXTRANS 255 NOCOMPRESS LOGGING
  STORAGE(INITIAL 65536 NEXT 1048576 MINEXTENTS 1 MAXEXTENTS 2147483645
  PCTINCREASE 0 FREELISTS 1 FREELIST GROUPS 1 BUFFER_POOL DEFAULT FLASH_CACHE DEFAULT CELL_FLASH_CACHE DEFAULT)
  TABLESPACE "RHICARD90495" ;
--------------------------------------------------------
--  DDL for Table NPM90495PELANGGAN
--------------------------------------------------------

  CREATE TABLE "RICHARD90495"."NPM90495PELANGGAN" 
   (	"ID_PELANGGAN" NUMBER(*,0), 
	"GENDER_PELANGGAN" VARCHAR2(10 BYTE), 
	"NAMA_PELANGGAN" VARCHAR2(50 BYTE), 
	"ALAMAT_PELANGGAN" VARCHAR2(20 BYTE), 
	"TELP_PELANGGAN" NUMBER(12,0)
   ) SEGMENT CREATION IMMEDIATE 
  PCTFREE 10 PCTUSED 40 INITRANS 1 MAXTRANS 255 NOCOMPRESS LOGGING
  STORAGE(INITIAL 65536 NEXT 1048576 MINEXTENTS 1 MAXEXTENTS 2147483645
  PCTINCREASE 0 FREELISTS 1 FREELIST GROUPS 1 BUFFER_POOL DEFAULT FLASH_CACHE DEFAULT CELL_FLASH_CACHE DEFAULT)
  TABLESPACE "RHICARD90495" ;
--------------------------------------------------------
--  DDL for Table PEMASOK90495
--------------------------------------------------------

  CREATE TABLE "RICHARD90495"."PEMASOK90495" 
   (	"ID_PEMASOK" NUMBER(*,0), 
	"NAMA_PEMASOK" VARCHAR2(50 BYTE), 
	"ALAMAT_PEMASOK" VARCHAR2(50 BYTE), 
	"TELP_PEMASOK" VARCHAR2(12 BYTE)
   ) SEGMENT CREATION IMMEDIATE 
  PCTFREE 10 PCTUSED 40 INITRANS 1 MAXTRANS 255 NOCOMPRESS LOGGING
  STORAGE(INITIAL 65536 NEXT 1048576 MINEXTENTS 1 MAXEXTENTS 2147483645
  PCTINCREASE 0 FREELISTS 1 FREELIST GROUPS 1 BUFFER_POOL DEFAULT FLASH_CACHE DEFAULT CELL_FLASH_CACHE DEFAULT)
  TABLESPACE "RHICARD90495" ;
--------------------------------------------------------
--  DDL for Table TRANSAKSI_JUAL90495
--------------------------------------------------------

  CREATE TABLE "RICHARD90495"."TRANSAKSI_JUAL90495" 
   (	"NO_TRANSAKSI" NUMBER(*,0), 
	"ID_PELANGGAN" NUMBER(*,0), 
	"KODE_BARANG" NUMBER(*,0), 
	"HARGA_JUAL_BARANG" VARCHAR2(20 BYTE), 
	"HARGA_AMBIL_BARANG" VARCHAR2(12 BYTE), 
	"TGL_TRANSAKSI" DATE
   ) SEGMENT CREATION IMMEDIATE 
  PCTFREE 10 PCTUSED 40 INITRANS 1 MAXTRANS 255 NOCOMPRESS LOGGING
  STORAGE(INITIAL 65536 NEXT 1048576 MINEXTENTS 1 MAXEXTENTS 2147483645
  PCTINCREASE 0 FREELISTS 1 FREELIST GROUPS 1 BUFFER_POOL DEFAULT FLASH_CACHE DEFAULT CELL_FLASH_CACHE DEFAULT)
  TABLESPACE "RHICARD90495" ;
--------------------------------------------------------
--  DDL for Table TRANSAKSI_PEMBELIAN90495
--------------------------------------------------------

  CREATE TABLE "RICHARD90495"."TRANSAKSI_PEMBELIAN90495" 
   (	"ID_TRANSAKSI" NUMBER(*,0), 
	"ID_PEMASOK" NUMBER(*,0), 
	"KODE_BARANG" NUMBER(*,0), 
	"HARGA_AMBIL_BARANG" VARCHAR2(20 BYTE), 
	"HARGA_JUAL_BARANG" VARCHAR2(12 BYTE), 
	"KUANTITAS_BARANG" NUMBER(*,0)
   ) SEGMENT CREATION IMMEDIATE 
  PCTFREE 10 PCTUSED 40 INITRANS 1 MAXTRANS 255 NOCOMPRESS LOGGING
  STORAGE(INITIAL 65536 NEXT 1048576 MINEXTENTS 1 MAXEXTENTS 2147483645
  PCTINCREASE 0 FREELISTS 1 FREELIST GROUPS 1 BUFFER_POOL DEFAULT FLASH_CACHE DEFAULT CELL_FLASH_CACHE DEFAULT)
  TABLESPACE "RHICARD90495" ;
--------------------------------------------------------
--  DDL for View EQU_JOIN
--------------------------------------------------------

  CREATE OR REPLACE FORCE VIEW "RICHARD90495"."EQU_JOIN" ("NAMA_BARANG", "HARGA_AMBIL_BARANG") AS 
  SELECT a.nama_barang, b.harga_ambil_barang
from barang90495 a JOIN transaksi_jual90495 b
ON a.kode_barang = id_pelanggan
WHERE rownum <=2
;
--------------------------------------------------------
--  DDL for View LEFT_JOIN
--------------------------------------------------------

  CREATE OR REPLACE FORCE VIEW "RICHARD90495"."LEFT_JOIN" ("ID_PELANGGAN", "KODE_BARANG", "BBBB") AS 
  select c.id_pelanggan, a.kode_barang, (SELECT MAX (b.kuantitas_barang)AS bnyk from transaksi_pembelian90495)
AS bbbb
FROM barang90495 a LEFT JOIN
transaksi_pembelian90495 b
ON a.kode_barang = b.kode_barang
LEFT JOIN NPM90495pelanggan c
ON c.id_pelanggan = id_pelanggan
WHERE rownum <=2
;
--------------------------------------------------------
--  DDL for View RIGHT_JOIN
--------------------------------------------------------

  CREATE OR REPLACE FORCE VIEW "RICHARD90495"."RIGHT_JOIN" ("ID_PELANGGAN", "KODE_BARANG", "BBBB") AS 
  select c.id_pelanggan, a.kode_barang, (SELECT MAX (b.kuantitas_barang)AS bnyk from transaksi_pembelian90495)
AS bbbb
FROM barang90495 a RIGHT JOIN
transaksi_pembelian90495 b
ON a.kode_barang = b.kode_barang
RIGHT JOIN NPM90495pelanggan c
ON c.id_pelanggan = id_pelanggan
WHERE rownum <=2 and id_pelanggan <= 5
;
--------------------------------------------------------
--  DDL for View TABLE_BARANG
--------------------------------------------------------

  CREATE OR REPLACE FORCE VIEW "RICHARD90495"."TABLE_BARANG" ("KODE_BARANG", "NAMA_BARANG", "KUANTITAS_BARANG", "HARGA_JUAL_BARANG", "HARGA_AMBIL_BARANG") AS 
  SELECT "KODE_BARANG","NAMA_BARANG","KUANTITAS_BARANG","HARGA_JUAL_BARANG","HARGA_AMBIL_BARANG" FROM barang90495
;
--------------------------------------------------------
--  DDL for View V_LAP
--------------------------------------------------------

  CREATE OR REPLACE FORCE VIEW "RICHARD90495"."V_LAP" ("KODE_BARANG", "NAMA_BARANG", "KUANTITAS_BARANG", "HARGA_JUAL_BARANG", "HARGA_AMBIL_BARANG") AS 
  select"KODE_BARANG","NAMA_BARANG","KUANTITAS_BARANG","HARGA_JUAL_BARANG","HARGA_AMBIL_BARANG"from barang90495
where kode_barang=1
;
REM INSERTING into RICHARD90495.BARANG90495
SET DEFINE OFF;
Insert into RICHARD90495.BARANG90495 (KODE_BARANG,NAMA_BARANG,KUANTITAS_BARANG,HARGA_JUAL_BARANG,HARGA_AMBIL_BARANG) values (6,'kipas',null,null,null);
Insert into RICHARD90495.BARANG90495 (KODE_BARANG,NAMA_BARANG,KUANTITAS_BARANG,HARGA_JUAL_BARANG,HARGA_AMBIL_BARANG) values (7,'bunga',null,null,null);
Insert into RICHARD90495.BARANG90495 (KODE_BARANG,NAMA_BARANG,KUANTITAS_BARANG,HARGA_JUAL_BARANG,HARGA_AMBIL_BARANG) values (8,'ac',null,null,null);
Insert into RICHARD90495.BARANG90495 (KODE_BARANG,NAMA_BARANG,KUANTITAS_BARANG,HARGA_JUAL_BARANG,HARGA_AMBIL_BARANG) values (9,'lampu',null,null,null);
Insert into RICHARD90495.BARANG90495 (KODE_BARANG,NAMA_BARANG,KUANTITAS_BARANG,HARGA_JUAL_BARANG,HARGA_AMBIL_BARANG) values (10,'lemari',null,null,null);
Insert into RICHARD90495.BARANG90495 (KODE_BARANG,NAMA_BARANG,KUANTITAS_BARANG,HARGA_JUAL_BARANG,HARGA_AMBIL_BARANG) values (11,'pantene',30,'7500','7000');
Insert into RICHARD90495.BARANG90495 (KODE_BARANG,NAMA_BARANG,KUANTITAS_BARANG,HARGA_JUAL_BARANG,HARGA_AMBIL_BARANG) values (12,'shinzui',50,'4500','4000');
Insert into RICHARD90495.BARANG90495 (KODE_BARANG,NAMA_BARANG,KUANTITAS_BARANG,HARGA_JUAL_BARANG,HARGA_AMBIL_BARANG) values (13,'lifeboy',25,'3000','2500');
Insert into RICHARD90495.BARANG90495 (KODE_BARANG,NAMA_BARANG,KUANTITAS_BARANG,HARGA_JUAL_BARANG,HARGA_AMBIL_BARANG) values (14,'pepsodent',55,'9000','8500');
Insert into RICHARD90495.BARANG90495 (KODE_BARANG,NAMA_BARANG,KUANTITAS_BARANG,HARGA_JUAL_BARANG,HARGA_AMBIL_BARANG) values (15,'ciptadent',30,'8500','8000');
REM INSERTING into RICHARD90495.NPM90495PELANGGAN
SET DEFINE OFF;
Insert into RICHARD90495.NPM90495PELANGGAN (ID_PELANGGAN,GENDER_PELANGGAN,NAMA_PELANGGAN,ALAMAT_PELANGGAN,TELP_PELANGGAN) values (1,'pria','bambang','surabaya',81234567890);
Insert into RICHARD90495.NPM90495PELANGGAN (ID_PELANGGAN,GENDER_PELANGGAN,NAMA_PELANGGAN,ALAMAT_PELANGGAN,TELP_PELANGGAN) values (6,'pria','bobob',null,null);
Insert into RICHARD90495.NPM90495PELANGGAN (ID_PELANGGAN,GENDER_PELANGGAN,NAMA_PELANGGAN,ALAMAT_PELANGGAN,TELP_PELANGGAN) values (7,'wanita','miya',null,null);
Insert into RICHARD90495.NPM90495PELANGGAN (ID_PELANGGAN,GENDER_PELANGGAN,NAMA_PELANGGAN,ALAMAT_PELANGGAN,TELP_PELANGGAN) values (8,'wanita','guin',null,null);
Insert into RICHARD90495.NPM90495PELANGGAN (ID_PELANGGAN,GENDER_PELANGGAN,NAMA_PELANGGAN,ALAMAT_PELANGGAN,TELP_PELANGGAN) values (9,'pria','alucard',null,null);
Insert into RICHARD90495.NPM90495PELANGGAN (ID_PELANGGAN,GENDER_PELANGGAN,NAMA_PELANGGAN,ALAMAT_PELANGGAN,TELP_PELANGGAN) values (10,'pria','zilong',null,null);
Insert into RICHARD90495.NPM90495PELANGGAN (ID_PELANGGAN,GENDER_PELANGGAN,NAMA_PELANGGAN,ALAMAT_PELANGGAN,TELP_PELANGGAN) values (2,'pria','adi','jl.pojur',6789012345);
Insert into RICHARD90495.NPM90495PELANGGAN (ID_PELANGGAN,GENDER_PELANGGAN,NAMA_PELANGGAN,ALAMAT_PELANGGAN,TELP_PELANGGAN) values (11,'pria','helcurt','batubatu',11);
Insert into RICHARD90495.NPM90495PELANGGAN (ID_PELANGGAN,GENDER_PELANGGAN,NAMA_PELANGGAN,ALAMAT_PELANGGAN,TELP_PELANGGAN) values (12,'pria','balmond','saronggi',12);
Insert into RICHARD90495.NPM90495PELANGGAN (ID_PELANGGAN,GENDER_PELANGGAN,NAMA_PELANGGAN,ALAMAT_PELANGGAN,TELP_PELANGGAN) values (13,'pria','popo','bluto',13);
Insert into RICHARD90495.NPM90495PELANGGAN (ID_PELANGGAN,GENDER_PELANGGAN,NAMA_PELANGGAN,ALAMAT_PELANGGAN,TELP_PELANGGAN) values (14,'wanita','natalia','batang',14);
Insert into RICHARD90495.NPM90495PELANGGAN (ID_PELANGGAN,GENDER_PELANGGAN,NAMA_PELANGGAN,ALAMAT_PELANGGAN,TELP_PELANGGAN) values (15,'wanita','pharsa','moncek',15);
REM INSERTING into RICHARD90495.PEMASOK90495
SET DEFINE OFF;
Insert into RICHARD90495.PEMASOK90495 (ID_PEMASOK,NAMA_PEMASOK,ALAMAT_PEMASOK,TELP_PEMASOK) values (1,'aaaaa','sumenep','111111111');
Insert into RICHARD90495.PEMASOK90495 (ID_PEMASOK,NAMA_PEMASOK,ALAMAT_PEMASOK,TELP_PEMASOK) values (2,'orangtua','batuputih','222222222');
Insert into RICHARD90495.PEMASOK90495 (ID_PEMASOK,NAMA_PEMASOK,ALAMAT_PEMASOK,TELP_PEMASOK) values (3,'ccccc','sumenep','333333333');
Insert into RICHARD90495.PEMASOK90495 (ID_PEMASOK,NAMA_PEMASOK,ALAMAT_PEMASOK,TELP_PEMASOK) values (4,'ddddd','sumenep','444444444');
Insert into RICHARD90495.PEMASOK90495 (ID_PEMASOK,NAMA_PEMASOK,ALAMAT_PEMASOK,TELP_PEMASOK) values (5,'eeeee','sumenep','555555555');
Insert into RICHARD90495.PEMASOK90495 (ID_PEMASOK,NAMA_PEMASOK,ALAMAT_PEMASOK,TELP_PEMASOK) values (6,'wings','surabaya','006');
Insert into RICHARD90495.PEMASOK90495 (ID_PEMASOK,NAMA_PEMASOK,ALAMAT_PEMASOK,TELP_PEMASOK) values (7,'taro','surabaya','007');
Insert into RICHARD90495.PEMASOK90495 (ID_PEMASOK,NAMA_PEMASOK,ALAMAT_PEMASOK,TELP_PEMASOK) values (8,'indofood','pamekasan','008');
Insert into RICHARD90495.PEMASOK90495 (ID_PEMASOK,NAMA_PEMASOK,ALAMAT_PEMASOK,TELP_PEMASOK) values (9,'tpsfood','jogja','009');
Insert into RICHARD90495.PEMASOK90495 (ID_PEMASOK,NAMA_PEMASOK,ALAMAT_PEMASOK,TELP_PEMASOK) values (10,'french','jakarta','010');
REM INSERTING into RICHARD90495.TRANSAKSI_JUAL90495
SET DEFINE OFF;
Insert into RICHARD90495.TRANSAKSI_JUAL90495 (NO_TRANSAKSI,ID_PELANGGAN,KODE_BARANG,HARGA_JUAL_BARANG,HARGA_AMBIL_BARANG,TGL_TRANSAKSI) values (6,6,6,'1000','1000',to_date('01-JAN-01','DD-MON-RR'));
Insert into RICHARD90495.TRANSAKSI_JUAL90495 (NO_TRANSAKSI,ID_PELANGGAN,KODE_BARANG,HARGA_JUAL_BARANG,HARGA_AMBIL_BARANG,TGL_TRANSAKSI) values (7,7,7,'2000','2000',to_date('02-FEB-01','DD-MON-RR'));
Insert into RICHARD90495.TRANSAKSI_JUAL90495 (NO_TRANSAKSI,ID_PELANGGAN,KODE_BARANG,HARGA_JUAL_BARANG,HARGA_AMBIL_BARANG,TGL_TRANSAKSI) values (8,8,8,'3000','3000',to_date('03-MAR-01','DD-MON-RR'));
Insert into RICHARD90495.TRANSAKSI_JUAL90495 (NO_TRANSAKSI,ID_PELANGGAN,KODE_BARANG,HARGA_JUAL_BARANG,HARGA_AMBIL_BARANG,TGL_TRANSAKSI) values (9,9,9,'4000','4000',to_date('04-APR-01','DD-MON-RR'));
Insert into RICHARD90495.TRANSAKSI_JUAL90495 (NO_TRANSAKSI,ID_PELANGGAN,KODE_BARANG,HARGA_JUAL_BARANG,HARGA_AMBIL_BARANG,TGL_TRANSAKSI) values (10,10,10,'5000','5000',to_date('05-MAY-01','DD-MON-RR'));
Insert into RICHARD90495.TRANSAKSI_JUAL90495 (NO_TRANSAKSI,ID_PELANGGAN,KODE_BARANG,HARGA_JUAL_BARANG,HARGA_AMBIL_BARANG,TGL_TRANSAKSI) values (11,11,11,'7500','7000',to_date('11-NOV-11','DD-MON-RR'));
Insert into RICHARD90495.TRANSAKSI_JUAL90495 (NO_TRANSAKSI,ID_PELANGGAN,KODE_BARANG,HARGA_JUAL_BARANG,HARGA_AMBIL_BARANG,TGL_TRANSAKSI) values (12,12,12,'4500','4000',to_date('12-DEC-11','DD-MON-RR'));
Insert into RICHARD90495.TRANSAKSI_JUAL90495 (NO_TRANSAKSI,ID_PELANGGAN,KODE_BARANG,HARGA_JUAL_BARANG,HARGA_AMBIL_BARANG,TGL_TRANSAKSI) values (12,12,12,'3000','2500',to_date('12-DEC-11','DD-MON-RR'));
Insert into RICHARD90495.TRANSAKSI_JUAL90495 (NO_TRANSAKSI,ID_PELANGGAN,KODE_BARANG,HARGA_JUAL_BARANG,HARGA_AMBIL_BARANG,TGL_TRANSAKSI) values (14,14,14,'9000','8500',to_date('14-DEC-11','DD-MON-RR'));
Insert into RICHARD90495.TRANSAKSI_JUAL90495 (NO_TRANSAKSI,ID_PELANGGAN,KODE_BARANG,HARGA_JUAL_BARANG,HARGA_AMBIL_BARANG,TGL_TRANSAKSI) values (15,15,15,'8500','8000',to_date('15-DEC-11','DD-MON-RR'));
Insert into RICHARD90495.TRANSAKSI_JUAL90495 (NO_TRANSAKSI,ID_PELANGGAN,KODE_BARANG,HARGA_JUAL_BARANG,HARGA_AMBIL_BARANG,TGL_TRANSAKSI) values (11,11,11,'7500','7000',to_date('11-NOV-11','DD-MON-RR'));
Insert into RICHARD90495.TRANSAKSI_JUAL90495 (NO_TRANSAKSI,ID_PELANGGAN,KODE_BARANG,HARGA_JUAL_BARANG,HARGA_AMBIL_BARANG,TGL_TRANSAKSI) values (12,12,12,'4500','4000',to_date('12-DEC-11','DD-MON-RR'));
Insert into RICHARD90495.TRANSAKSI_JUAL90495 (NO_TRANSAKSI,ID_PELANGGAN,KODE_BARANG,HARGA_JUAL_BARANG,HARGA_AMBIL_BARANG,TGL_TRANSAKSI) values (12,12,12,'3000','2500',to_date('12-DEC-11','DD-MON-RR'));
Insert into RICHARD90495.TRANSAKSI_JUAL90495 (NO_TRANSAKSI,ID_PELANGGAN,KODE_BARANG,HARGA_JUAL_BARANG,HARGA_AMBIL_BARANG,TGL_TRANSAKSI) values (14,14,14,'9000','8500',to_date('14-DEC-11','DD-MON-RR'));
Insert into RICHARD90495.TRANSAKSI_JUAL90495 (NO_TRANSAKSI,ID_PELANGGAN,KODE_BARANG,HARGA_JUAL_BARANG,HARGA_AMBIL_BARANG,TGL_TRANSAKSI) values (15,15,15,'8500','8000',to_date('15-DEC-11','DD-MON-RR'));
REM INSERTING into RICHARD90495.TRANSAKSI_PEMBELIAN90495
SET DEFINE OFF;
REM INSERTING into RICHARD90495.EQU_JOIN
SET DEFINE OFF;
Insert into RICHARD90495.EQU_JOIN (NAMA_BARANG,HARGA_AMBIL_BARANG) values ('kipas','1000');
Insert into RICHARD90495.EQU_JOIN (NAMA_BARANG,HARGA_AMBIL_BARANG) values ('bunga','2000');
REM INSERTING into RICHARD90495.LEFT_JOIN
SET DEFINE OFF;
Insert into RICHARD90495.LEFT_JOIN (ID_PELANGGAN,KODE_BARANG,BBBB) values (1,6,null);
Insert into RICHARD90495.LEFT_JOIN (ID_PELANGGAN,KODE_BARANG,BBBB) values (2,6,null);
REM INSERTING into RICHARD90495.RIGHT_JOIN
SET DEFINE OFF;
Insert into RICHARD90495.RIGHT_JOIN (ID_PELANGGAN,KODE_BARANG,BBBB) values (1,null,null);
Insert into RICHARD90495.RIGHT_JOIN (ID_PELANGGAN,KODE_BARANG,BBBB) values (2,null,null);
REM INSERTING into RICHARD90495.TABLE_BARANG
SET DEFINE OFF;
Insert into RICHARD90495.TABLE_BARANG (KODE_BARANG,NAMA_BARANG,KUANTITAS_BARANG,HARGA_JUAL_BARANG,HARGA_AMBIL_BARANG) values (6,'kipas',null,null,null);
Insert into RICHARD90495.TABLE_BARANG (KODE_BARANG,NAMA_BARANG,KUANTITAS_BARANG,HARGA_JUAL_BARANG,HARGA_AMBIL_BARANG) values (7,'bunga',null,null,null);
Insert into RICHARD90495.TABLE_BARANG (KODE_BARANG,NAMA_BARANG,KUANTITAS_BARANG,HARGA_JUAL_BARANG,HARGA_AMBIL_BARANG) values (8,'ac',null,null,null);
Insert into RICHARD90495.TABLE_BARANG (KODE_BARANG,NAMA_BARANG,KUANTITAS_BARANG,HARGA_JUAL_BARANG,HARGA_AMBIL_BARANG) values (9,'lampu',null,null,null);
Insert into RICHARD90495.TABLE_BARANG (KODE_BARANG,NAMA_BARANG,KUANTITAS_BARANG,HARGA_JUAL_BARANG,HARGA_AMBIL_BARANG) values (10,'lemari',null,null,null);
Insert into RICHARD90495.TABLE_BARANG (KODE_BARANG,NAMA_BARANG,KUANTITAS_BARANG,HARGA_JUAL_BARANG,HARGA_AMBIL_BARANG) values (11,'pantene',30,'7500','7000');
Insert into RICHARD90495.TABLE_BARANG (KODE_BARANG,NAMA_BARANG,KUANTITAS_BARANG,HARGA_JUAL_BARANG,HARGA_AMBIL_BARANG) values (12,'shinzui',50,'4500','4000');
Insert into RICHARD90495.TABLE_BARANG (KODE_BARANG,NAMA_BARANG,KUANTITAS_BARANG,HARGA_JUAL_BARANG,HARGA_AMBIL_BARANG) values (13,'lifeboy',25,'3000','2500');
Insert into RICHARD90495.TABLE_BARANG (KODE_BARANG,NAMA_BARANG,KUANTITAS_BARANG,HARGA_JUAL_BARANG,HARGA_AMBIL_BARANG) values (14,'pepsodent',55,'9000','8500');
Insert into RICHARD90495.TABLE_BARANG (KODE_BARANG,NAMA_BARANG,KUANTITAS_BARANG,HARGA_JUAL_BARANG,HARGA_AMBIL_BARANG) values (15,'ciptadent',30,'8500','8000');
REM INSERTING into RICHARD90495.V_LAP
SET DEFINE OFF;
--------------------------------------------------------
--  DDL for Index PK_BARANG
--------------------------------------------------------

  CREATE UNIQUE INDEX "RICHARD90495"."PK_BARANG" ON "RICHARD90495"."BARANG90495" ("KODE_BARANG") 
  PCTFREE 10 INITRANS 2 MAXTRANS 255 COMPUTE STATISTICS 
  STORAGE(INITIAL 65536 NEXT 1048576 MINEXTENTS 1 MAXEXTENTS 2147483645
  PCTINCREASE 0 FREELISTS 1 FREELIST GROUPS 1 BUFFER_POOL DEFAULT FLASH_CACHE DEFAULT CELL_FLASH_CACHE DEFAULT)
  TABLESPACE "RHICARD90495" ;
--------------------------------------------------------
--  DDL for Index PK_PELANGGAN
--------------------------------------------------------

  CREATE UNIQUE INDEX "RICHARD90495"."PK_PELANGGAN" ON "RICHARD90495"."NPM90495PELANGGAN" ("ID_PELANGGAN") 
  PCTFREE 10 INITRANS 2 MAXTRANS 255 COMPUTE STATISTICS 
  STORAGE(INITIAL 65536 NEXT 1048576 MINEXTENTS 1 MAXEXTENTS 2147483645
  PCTINCREASE 0 FREELISTS 1 FREELIST GROUPS 1 BUFFER_POOL DEFAULT FLASH_CACHE DEFAULT CELL_FLASH_CACHE DEFAULT)
  TABLESPACE "RHICARD90495" ;
--------------------------------------------------------
--  DDL for Index PK_PEMASOK
--------------------------------------------------------

  CREATE UNIQUE INDEX "RICHARD90495"."PK_PEMASOK" ON "RICHARD90495"."PEMASOK90495" ("ID_PEMASOK") 
  PCTFREE 10 INITRANS 2 MAXTRANS 255 COMPUTE STATISTICS 
  STORAGE(INITIAL 65536 NEXT 1048576 MINEXTENTS 1 MAXEXTENTS 2147483645
  PCTINCREASE 0 FREELISTS 1 FREELIST GROUPS 1 BUFFER_POOL DEFAULT FLASH_CACHE DEFAULT CELL_FLASH_CACHE DEFAULT)
  TABLESPACE "RHICARD90495" ;
--------------------------------------------------------
--  DDL for Index SYS_C007008
--------------------------------------------------------

  CREATE UNIQUE INDEX "RICHARD90495"."SYS_C007008" ON "RICHARD90495"."PEMASOK90495" ("NAMA_PEMASOK") 
  PCTFREE 10 INITRANS 2 MAXTRANS 255 COMPUTE STATISTICS 
  STORAGE(INITIAL 65536 NEXT 1048576 MINEXTENTS 1 MAXEXTENTS 2147483645
  PCTINCREASE 0 FREELISTS 1 FREELIST GROUPS 1 BUFFER_POOL DEFAULT FLASH_CACHE DEFAULT CELL_FLASH_CACHE DEFAULT)
  TABLESPACE "RHICARD90495" ;
--------------------------------------------------------
--  DDL for Index PK_BARANG
--------------------------------------------------------

  CREATE UNIQUE INDEX "RICHARD90495"."PK_BARANG" ON "RICHARD90495"."BARANG90495" ("KODE_BARANG") 
  PCTFREE 10 INITRANS 2 MAXTRANS 255 COMPUTE STATISTICS 
  STORAGE(INITIAL 65536 NEXT 1048576 MINEXTENTS 1 MAXEXTENTS 2147483645
  PCTINCREASE 0 FREELISTS 1 FREELIST GROUPS 1 BUFFER_POOL DEFAULT FLASH_CACHE DEFAULT CELL_FLASH_CACHE DEFAULT)
  TABLESPACE "RHICARD90495" ;
--------------------------------------------------------
--  DDL for Index PK_PELANGGAN
--------------------------------------------------------

  CREATE UNIQUE INDEX "RICHARD90495"."PK_PELANGGAN" ON "RICHARD90495"."NPM90495PELANGGAN" ("ID_PELANGGAN") 
  PCTFREE 10 INITRANS 2 MAXTRANS 255 COMPUTE STATISTICS 
  STORAGE(INITIAL 65536 NEXT 1048576 MINEXTENTS 1 MAXEXTENTS 2147483645
  PCTINCREASE 0 FREELISTS 1 FREELIST GROUPS 1 BUFFER_POOL DEFAULT FLASH_CACHE DEFAULT CELL_FLASH_CACHE DEFAULT)
  TABLESPACE "RHICARD90495" ;
--------------------------------------------------------
--  DDL for Index PK_PEMASOK
--------------------------------------------------------

  CREATE UNIQUE INDEX "RICHARD90495"."PK_PEMASOK" ON "RICHARD90495"."PEMASOK90495" ("ID_PEMASOK") 
  PCTFREE 10 INITRANS 2 MAXTRANS 255 COMPUTE STATISTICS 
  STORAGE(INITIAL 65536 NEXT 1048576 MINEXTENTS 1 MAXEXTENTS 2147483645
  PCTINCREASE 0 FREELISTS 1 FREELIST GROUPS 1 BUFFER_POOL DEFAULT FLASH_CACHE DEFAULT CELL_FLASH_CACHE DEFAULT)
  TABLESPACE "RHICARD90495" ;
--------------------------------------------------------
--  DDL for Index SYS_C007008
--------------------------------------------------------

  CREATE UNIQUE INDEX "RICHARD90495"."SYS_C007008" ON "RICHARD90495"."PEMASOK90495" ("NAMA_PEMASOK") 
  PCTFREE 10 INITRANS 2 MAXTRANS 255 COMPUTE STATISTICS 
  STORAGE(INITIAL 65536 NEXT 1048576 MINEXTENTS 1 MAXEXTENTS 2147483645
  PCTINCREASE 0 FREELISTS 1 FREELIST GROUPS 1 BUFFER_POOL DEFAULT FLASH_CACHE DEFAULT CELL_FLASH_CACHE DEFAULT)
  TABLESPACE "RHICARD90495" ;
--------------------------------------------------------
--  Constraints for Table BARANG90495
--------------------------------------------------------

  ALTER TABLE "RICHARD90495"."BARANG90495" ADD CONSTRAINT "PK_BARANG" PRIMARY KEY ("KODE_BARANG")
  USING INDEX PCTFREE 10 INITRANS 2 MAXTRANS 255 COMPUTE STATISTICS 
  STORAGE(INITIAL 65536 NEXT 1048576 MINEXTENTS 1 MAXEXTENTS 2147483645
  PCTINCREASE 0 FREELISTS 1 FREELIST GROUPS 1 BUFFER_POOL DEFAULT FLASH_CACHE DEFAULT CELL_FLASH_CACHE DEFAULT)
  TABLESPACE "RHICARD90495"  ENABLE;
  ALTER TABLE "RICHARD90495"."BARANG90495" MODIFY ("KODE_BARANG" NOT NULL ENABLE);
--------------------------------------------------------
--  Constraints for Table NPM90495PELANGGAN
--------------------------------------------------------

  ALTER TABLE "RICHARD90495"."NPM90495PELANGGAN" ADD CONSTRAINT "PK_PELANGGAN" PRIMARY KEY ("ID_PELANGGAN")
  USING INDEX PCTFREE 10 INITRANS 2 MAXTRANS 255 COMPUTE STATISTICS 
  STORAGE(INITIAL 65536 NEXT 1048576 MINEXTENTS 1 MAXEXTENTS 2147483645
  PCTINCREASE 0 FREELISTS 1 FREELIST GROUPS 1 BUFFER_POOL DEFAULT FLASH_CACHE DEFAULT CELL_FLASH_CACHE DEFAULT)
  TABLESPACE "RHICARD90495"  ENABLE;
  ALTER TABLE "RICHARD90495"."NPM90495PELANGGAN" MODIFY ("ID_PELANGGAN" NOT NULL ENABLE);
--------------------------------------------------------
--  Constraints for Table PEMASOK90495
--------------------------------------------------------

  ALTER TABLE "RICHARD90495"."PEMASOK90495" ADD UNIQUE ("NAMA_PEMASOK")
  USING INDEX PCTFREE 10 INITRANS 2 MAXTRANS 255 COMPUTE STATISTICS 
  STORAGE(INITIAL 65536 NEXT 1048576 MINEXTENTS 1 MAXEXTENTS 2147483645
  PCTINCREASE 0 FREELISTS 1 FREELIST GROUPS 1 BUFFER_POOL DEFAULT FLASH_CACHE DEFAULT CELL_FLASH_CACHE DEFAULT)
  TABLESPACE "RHICARD90495"  ENABLE;
  ALTER TABLE "RICHARD90495"."PEMASOK90495" ADD CONSTRAINT "PK_PEMASOK" PRIMARY KEY ("ID_PEMASOK")
  USING INDEX PCTFREE 10 INITRANS 2 MAXTRANS 255 COMPUTE STATISTICS 
  STORAGE(INITIAL 65536 NEXT 1048576 MINEXTENTS 1 MAXEXTENTS 2147483645
  PCTINCREASE 0 FREELISTS 1 FREELIST GROUPS 1 BUFFER_POOL DEFAULT FLASH_CACHE DEFAULT CELL_FLASH_CACHE DEFAULT)
  TABLESPACE "RHICARD90495"  ENABLE;
  ALTER TABLE "RICHARD90495"."PEMASOK90495" MODIFY ("ID_PEMASOK" NOT NULL ENABLE);
--------------------------------------------------------
--  Constraints for Table TRANSAKSI_JUAL90495
--------------------------------------------------------

  ALTER TABLE "RICHARD90495"."TRANSAKSI_JUAL90495" MODIFY ("NO_TRANSAKSI" NOT NULL ENABLE);
--------------------------------------------------------
--  Constraints for Table TRANSAKSI_PEMBELIAN90495
--------------------------------------------------------

  ALTER TABLE "RICHARD90495"."TRANSAKSI_PEMBELIAN90495" MODIFY ("ID_TRANSAKSI" NOT NULL ENABLE);
--------------------------------------------------------
--  Ref Constraints for Table TRANSAKSI_JUAL90495
--------------------------------------------------------

  ALTER TABLE "RICHARD90495"."TRANSAKSI_JUAL90495" ADD CONSTRAINT "FK_ID_PELANGGAN" FOREIGN KEY ("ID_PELANGGAN")
	  REFERENCES "RICHARD90495"."NPM90495PELANGGAN" ("ID_PELANGGAN") ENABLE;
  ALTER TABLE "RICHARD90495"."TRANSAKSI_JUAL90495" ADD CONSTRAINT "FK_KODE_BARANG" FOREIGN KEY ("KODE_BARANG")
	  REFERENCES "RICHARD90495"."BARANG90495" ("KODE_BARANG") ENABLE;
--------------------------------------------------------
--  Ref Constraints for Table TRANSAKSI_PEMBELIAN90495
--------------------------------------------------------

  ALTER TABLE "RICHARD90495"."TRANSAKSI_PEMBELIAN90495" ADD CONSTRAINT "FK_ID_PEMASOK" FOREIGN KEY ("ID_PEMASOK")
	  REFERENCES "RICHARD90495"."PEMASOK90495" ("ID_PEMASOK") ENABLE;
